GCP Label,X,Y,Z
gcp1,-8.29960,115.46100,580
gcp2,-8.29500,115.48750,520
gcp3,-8.30400,115.48300,490
gcp4,-8.24170,115.49350,450
gcp5,-8.29550,115.48800,510
